{"cameraMode":{"drawMode":0,"name":"Shaded","section":"Shading Mode"},"sceneLighting":true,"audioPlay":false,"sceneViewState":{"m_AlwaysRefresh":false,"showFog":true,"showSkybox":true,"showFlares":true,"showImageEffects":true,"showParticleSystems":true,"showVisualEffectGraphs":true,"m_FxEnabled":true},"in2DMode":false,"pivot":{"x":-1.7852096557617188,"y":4.781166076660156,"z":1.952073574066162},"rotation":{"x":0.4173293709754944,"y":0.13011586666107179,"z":-0.060512155294418338,"w":0.8973597288131714},"size":6.363643646240234,"orthographic":false}